1|hello/hi|sal?m|????|Greetings|Easy
2|Mrs./Miss|kh?nom|????|Greetings|Easy
3|Mr.|?q?|???|Greetings|Easy
4|Good morning|sob bekhe?r|??? ????|Greetings|Easy
5|Good night|shab bekhe?r|?? ????|Greetings|Easy
6|Good bye|khod? h?fez|???????|Greetings|Easy
7|How are you? (formal)|h?le shom? chetor ast?|??? ??? ???? ????|Greetings|Easy
8|How are you? (colloquial/familiar)|h?le shom? chetore?|??? ??? ??????|Greetings|Easy
9|Thank you|merc?||Greetings|Easy
10|Thank you|motshakeram|??????|Greetings|Easy
11|(and) how are you? (formal)|shom? chetor hast?d?|??? ???? ??????|Greetings|Easy
12|(and) how are you? (colloquial/familiar)|shom? chetor?n?|??? ???????|Greetings|Easy
13|(and) how are you? (colloquial/familiar)|to chetor??|?? ??????|Greetings|Easy
14|I am fine, too. (formal)|man ham kh?b hastam|?? ?? ??? ????|Greetings|Easy
15|I am fine, too. (colloquial/familiar)|manam kh?bam|??? ????|Greetings|Easy
16|Excuse me|bebakhsh?d|??????|Greetings|Easy
17|I am John.|man j?n hastam|?? ??? ????|Introducing Yourself|Easy
18|My name is John.|esm-e man j?n ast.|??? ?? ??? ???|Introducing Yourself|Easy
19|What is your name? (formal)|esm-e shom? ch?st?|??? ??? ?????|Introducing Yourself|Easy
20|What is your name? (colloquial)|esm-e shom? ch?ye?|??? ??? ????|Introducing Yourself|Easy
21|Pleased to meet you.|khoshvaqtam|???????|Introducing Yourself|Easy
22|How old are you?|chand s?letone?|??? ????????|Introducing Yourself|Easy
23|Where do you live?|koj? zendeg? m?kon?d?|??? ????? ?? ?????|Introducing Yourself|Easy
24|Where do you go to school?|koj? dars m?kon?d?|??? ??? ?? ???????|Introducing Yourself|Easy
25|What do you do for a living?|che k?r m?kon?d? sho?let?n ch?st?|?? ??? ?? ?????|Introducing Yourself|Easy
26|What do you do for a living?|sho?let?n ch?st?|?????? ?????|Introducing Yourself|Easy
27|college student|d?neshjo|??????|Introducing Yourself|Easy
28|professor|ost?d|?????|Introducing Yourself|Easy
29|teacher|moalem|????|Introducing Yourself|Easy
30|doctor|doktor|????|Introducing Yourself|Easy
31|engineer|mohandes|?????|Introducing Yourself|Easy
32|dentist|dand?npezeshk|?????????|Introducing Yourself|Easy
33|journalist|rozn?me neg?r|??????? ????|Introducing Yourself|Easy
34|pre-college student|d?nesh ?moz|???? ????|Introducing Yourself|Easy
35|architect|mem?r/?rsh?tekt|?????/???????|Introducing Yourself|Easy
36|lawyer|vak?l|????|Introducing Yourself|Easy
37|nurse|parastar|??????|Introducing Yourself|Easy
38|to live|zendeg? kardan|????? ????|Introducing Yourself|Easy
39|to introduce|moaref? kardan|????? ????|Introducing Yourself|Easy
40|to count|shomordan|?????|Introducing Yourself|Easy
41|Zero|sefr|?|Numbers 1-100|Easy
42|One|yek|?|Numbers 1-100|Easy
43|Two|do|?|Numbers 1-100|Easy
44|Three|se|?|Numbers 1-100|Easy
45|Four|ch?h?r|?|Numbers 1-100|Easy
46|Five|panj|?|Numbers 1-100|Easy
47|Six|shesh|?|Numbers 1-100|Easy
48|Seven|haft|?|Numbers 1-100|Easy
49|Eight|hasht|?|Numbers 1-100|Easy
50|Nine|noh|?|Numbers 1-100|Easy
51|Ten|dah|??|Numbers 1-100|Easy
52|Eleven|y?zdah|??|Numbers 1-100|Easy
53|Twelve|dav?zdah|??|Numbers 1-100|Easy
54|Thirteen|sizdah|??|Numbers 1-100|Easy
55|Fourteen|ch?h?rdah|??|Numbers 1-100|Easy
56|Fifteen|p?nzdah|??|Numbers 1-100|Easy
57|Sixteen|sh?nzdah|??|Numbers 1-100|Easy
58|Seventeen|hefdah/hevdah|??|Numbers 1-100|Easy
59|Eighteen|hejdah/hezhdah|??|Numbers 1-100|Easy
60|Nineteen|n?zdah|??|Numbers 1-100|Easy
61|Twenty|bist|??|Numbers 1-100|Easy
62|Twenty One|bisto yek|??|Numbers 1-100|Easy
63|Twenty Two|bisto do|??|Numbers 1-100|Easy
64|Twenty Three|bisto se|??|Numbers 1-100|Easy
65|Twenty Four|bisto ch?h?r|??|Numbers 1-100|Easy
66|Twenty Five|bisto panj|??|Numbers 1-100|Easy
67|Twenty Six|bisto shesh|??|Numbers 1-100|Easy
68|Twenty Seven|bisto haft|??|Numbers 1-100|Easy
69|Twenty Eight|bisto hash|??|Numbers 1-100|Easy
70|Twenty Nine|bisto noh|??|Numbers 1-100|Easy
71|Thirty|si|??|Numbers 1-100|Easy
72|Forty|chehel|??|Numbers 1-100|Easy
73|Fifty|panj?h|??|Numbers 1-100|Easy
74|Sixty|shast|??|Numbers 1-100|Easy
75|Seventy|haft?d|??|Numbers 1-100|Easy
76|Eighty|hasht?d|??|Numbers 1-100|Easy
77|Ninety|navad|??|Numbers 1-100|Easy
78|One Hundred|sad|???|Numbers 1-100|Easy
79|One Hundred|sad|???|Numbers 100-900|Easy
80|One Hundred and Ten|sado dah|???|Numbers 100-900|Easy
81|One Hundred and Twenty|sado b?st|???|Numbers 100-900|Easy
82|One Hundred and Thirty|sado s?|???|Numbers 100-900|Easy
83|One Hundred and Forty|sado chehel|???|Numbers 100-900|Easy
84|One Hundred and Fifty|sado panj?h|???|Numbers 100-900|Easy
85|One Hundred and Sixty Five|sado sh?sto panj|???|Numbers 100-900|Easy
86|Two Hundred|dev?st|???|Numbers 100-900|Easy
87|Three Hundred|s?sad|???|Numbers 100-900|Easy
88|Four Hundred|ch?h?rsad|???|Numbers 100-900|Easy
89|Five Hundred|p?nsad|???|Numbers 100-900|Easy
90|Six Hundred|sheshsad|???|Numbers 100-900|Easy
91|Seven Hundred|haftsad|???|Numbers 100-900|Easy
92|Eight Hundred|hashtsad|???|Numbers 100-900|Easy
93|Nine Hundred|nohsad|???|Numbers 100-900|Easy
94|father (formal) |pedar|???|Family|Easy
95|father (informal/familiar)|b?b?|????|Family|Easy
96|mother (formal)|m?dar|????|Family|Easy
97|mother (informal/familiar)| m?m?n|?????|Family|Easy
98|child|kudak/farzand/bache|????/ ?????/ ????|Family|Easy
99|wife|zan/kh?nom|??/ ????|Family|Easy
100|husband|shohar|????|Family|Easy
101|spouse|hamsar|????|Family|Easy
102|family|khânevâde|???????|Family|Easy
103|parents|pedar va m?dar|??? ? ????|Family|Easy
104|son/boy|pesar|???|Family|Easy
105|daughter/girl|dokhtar|????|Family|Easy
106|brother|bar?dar|?????|Family|Easy
107|sister|kh?har|?????|Family|Easy
108|grandfather|pedarbozorg|???????|Family|Easy
109|grandmother|m?darbozorg|????????|Family|Easy
110|paternal uncle|am?|???|Family|Easy
111|maternal uncle|d?ee|????|Family|Easy
112|maternal aunt|khaleh|????|Family|Easy
113|paternal aunt|ameh|???|Family|Easy
114|nephew (brother's side)|pesar-e bar?dar|?????????|Family|Easy
115|nephew (sister's side)|pesar-e kh?har|?????????|Family|Easy
116|niece (brother's side)|dokhtar-e bar?dar|??????????|Family|Easy
117|niece (sister's side)|dokhtar-e kh?har|???????????|Family|Easy
118|cousin (paternal uncle’s son) |pesar am?|??? ???|Family|Easy
119|cousin (paternal aunt’s daughter) c|dokhtar ameh|???? ???|Family|Easy
120|cousin (maternal uncle’s son) |pesar d?ee|??? ????|Family|Easy
121|cousin (maternal aunt’s daughter)|dokhtar khaleh|???? ????|Family|Easy
122|relative|kh?š?vand|????????|Family|Easy
123|fiancé|n?mzad|?????|Family|Easy
124|step-father|n?pedar?|??????|Family|Easy
125|step-mother|n?m?dar?|???????|Family|Easy
126|father-in-law (husband's side)|pedarshohar|?????|Family|Easy
127|father-in-law (wife's side)|pedarzan|?????|Family|Easy
128|mother-in-law (husband's side)|m?darshohar|??????|Family|Easy
129|mother-in-law (wife's side)|m?darzan|??????|Family|Easy
130|husband's brother (brother-in-law)|barâdarshowhar|?????????|Family|Easy
131|wife's brother (brother-in-law)|barâdarzan|???????|Family|Easy
132|husband's sister (sister-in-law)|khwâharshowhar|?????????|Family|Easy
133|wife's sister (sister-in-law)|khwâharzan|???????|Family|Easy
134|husband of wife's sister (brother-in-law)|bâjenâgh|??????|Family|Easy
135|wife of husband's brother (sister-in-law)|jâri|????|Family|Easy
136|brother's child (nephew, niece)|barâdarzâde|?????????|Family|Easy
137|sister's child (nephew, niece)|khwâharzâde|?????????|Family|Easy
138|brother's son (nephew)|pesar-e barâdar|??? ?????|Family|Easy
139|brother's son (nephew)|pesar-e khwâhar|??? ?????|Family|Easy
140|brother's daughter (niece)|dokhtar-e barâdar|???? ?????|Family|Easy
141|brother's daughter (niece)|dokhtar-e khwâhar|???? ?????|Family|Easy
142|friend|d?st|????|Family|Easy
143|boy friend|d?st-e pesar|???? ???|Family|Easy
144|girl friend|d?st-e dokhtar|???? ????|Family|Easy
145|grandfather|pedarbozorg|???????|Family|Easy
146|grandmother|mâdarbozorg|????????|Family|Easy
147|grandparents|pedarbozorg o mâdarbozorg|??????? ? ????????|Family|Easy
148|great grandfather|pedarjadd|?????|Family|Easy
149|great grandmother|mâdarjadd|??????|Family|Easy
150|grandchild|nave|???|Family|Easy
151|great grandchild|natije|?????|Family|Easy
152|great great grandchild|nabire|?????|Family|Easy
153|great great great grandchild|nadide|?????|Family|Easy
154|daughter's husband (son-in-law)|dâmâd|?????|Family|Easy
155|son's wife (daughter-in-law)|arus|????|Family|Easy
156|child of maternal uncle|dâyizâde|?????????|Family|Easy
157|son of maternal uncle (cousin)|pesardâyi|???????|Family|Easy
158|daughter of maternal uncle (cousin)|dokhtardâyi|????????|Family|Easy
159|wife of maternal uncle|zandâyi|???????|Family|Easy
160|child of maternal aunt|khâlezâde|?????????|Family|Easy
161|son of maternal aunt (cousin)|pesarkhâle|???????|Family|Easy
162|daughter of maternal aunt (cousin)|dokhtarkhâle|????????|Family|Easy
163|husband of maternal aunt|showharkhâle|????????|Family|Easy
164|child of paternal uncle|amuzâde|???????|Family|Easy
165|son of paternal uncle (cousin)|pesaramu|??????|Family|Easy
166|daughter of paternal uncle (cousin)|dokhtaramu|???????|Family|Easy
167|wife of paternal uncle|zanamu|??????|Family|Easy
168|child of paternal aunt|ammezâde|????????|Family|Easy
169|son of paternal aunt (cousin)|pesaramme|??????|Family|Easy
170|daughter of paternal aunt (cousin)|dokhtaramme|???????|Family|Easy
171|husband of paternal aunt|showharamme|???????|Family|Easy
172|stepfather|nâpedari|??????|Family|Easy
173|stepmother|nâmâdari|???????|Family|Easy
174|stepson|nâpesari|??????|Family|Easy
175|stepdaughter|nâdokhtari|???????|Family|Easy
176|stepbrother|nâbarâdari|????????|Family|Easy
177|stepsister|nâkhwâhari|????????|Family|Easy
178|consanguineous|tani|???|Family|Easy
179|non-consanguineous|nâtani|?????|Family|Easy
180|adoptive father|pedarkhwânde|?????????|Family|Easy
181|adoptive mother|mâdarkhwânde|??????????|Family|Easy
182|adoptive son|pesarkhwânde|?????????|Family|Easy
183|adoptive daughter|dokhtarkhwânde|??????????|Family|Easy
184|adoptive brother|barâdarkhwânde|???????????|Family|Easy
185|adoptive sister|khwâharkhwânde|???????????|Family|Easy
186|What is your favorite pastime?|sargarm?-e mored-e al?qe-ye shom? ch?ye?|?????? ???? ????? ??? ????|Personal Questions|Easy
187|What is your telephone/cell phone number?|shom?re telephon/ telephon-e hamr?h-e shom? chande?|????? ????/???? ????? ??? ?????|Personal Questions|Easy
188|What grade are you in?|kel?s-e chandom??|???? ??????|Personal Questions|Easy
189|How do you spell your last name?|f?m?l-e shom? r? chetor? m?nev?sand?|????? ??? ?? ????? ?? ???????|Personal Questions|Easy
190|How many siblings do you have?|chand t? kh?har v? bar?dar d?r?d?|??? ?? ????? ? ????? ??????|Personal Questions|Easy
191|Where?|koj??|????|Personal Questions|Easy
192|When?|kay?|????|Personal Questions|Easy
193|Who? What?|che kas??/ k? che?|?? ????/ ??? ???|Personal Questions|Easy
194|How?|chegone?|??????|Personal Questions|Easy
195|Which?|kod?m?|?????|Personal Questions|Easy
196|Why?|cher??|????|Personal Questions|Easy
197|How many?|chand t??|??? ???|Personal Questions|Easy
198|to listen|gosh d?dan|??? ????|Pastimes|Easy
199|music|m?z?k|?????|Pastimes|Easy
200|to sing|?v?z kh?dan|???? ??????|Pastimes|Easy
201|to dance|raqs?dan|??????|Pastimes|Easy
202|to read|kh?ndan/motale’ kardan|??????/?????? ????|Pastimes|Easy
203|to study|dars kh?ndan|??? ??????|Pastimes|Easy
204|to stay at home|dar khane m?ndan|?? ???? ?????|Pastimes|Easy
205|to like|d?st d?shtan|???? ?????|Pastimes|Easy
206|to watch television|telev?zyon tam?sh? kardan|???????? ????? ????|Pastimes|Easy
207|to telephone|telefon zadan/ telefon kardan|???? ???/ ???? ????|Pastimes|Easy
208|to speak|sohbat kardan/ harf zadan|???? ????/ ??? ???|Pastimes|Easy
209|to play sports|varzesh kardan|???? ????|Pastimes|Easy
210|tennis|ten?s|????|Pastimes|Easy
211|soccer|fotb?l|??????|Pastimes|Easy
212|basketball|basketb?l|???????|Pastimes|Easy
213|volleyball|v?l?b?l|???????|Pastimes|Easy
214|to play the guitar|g?t?r zadan|????? ???|Pastimes|Easy
215|piano|p?y?no|?????|Pastimes|Easy
216|violin|v?yolon|??????|Pastimes|Easy
217|dulcimer|sant?r|?????|Pastimes|Easy
218|to swim|shen? kardan|??? ????|Pastimes|Easy
219|to work|k?r kardan|??? ????|Pastimes|Easy
220|to travel|safar kardan/ mos?ferat kardan|???????/ ?????? ????|Pastimes|Easy
221|walking|p?y?derav?|????? ???|Pastimes|Easy
222|boating|q?yeqr?n?|???? ????|Pastimes|Easy
223|gardening|b?qb?n?|???????|Pastimes|Easy
224|to introduce|moaref? kardan|????? ????|Pastimes|Easy
225|Where were you born?|koj? bedony? ?mad?d?|??? ????? ??????|Continents and Countries|Easy
226|North America|?mr?k?y-e shom?l?|??????? ?????|Continents and Countries|Easy
227|Canada|k?n?d?|??????|Continents and Countries|Easy
228|United States|?mr?k?|??????|Continents and Countries|Easy
229|Mexico|mekz?k|?????|Continents and Countries|Easy
230|Africa|?fr?q?|??????|Continents and Countries|Easy
231|Algeria|aljaz?re|???????|Continents and Countries|Easy
232|Egypt|mesr|???|Continents and Countries|Easy
233|South Africa|?fr?q?y-e jonob?|??????? ?????|Continents and Countries|Easy
234|Morocco|mar?kesh|?????|Continents and Countries|Easy
235|South America|?mr?k?y-e jonob?|??????? ?????|Continents and Countries|Easy
236|Brazil|berez?l|?????|Continents and Countries|Easy
237|Peru|per?|???|Continents and Countries|Easy
238|Argentina|?rzh?nt?n|????????|Continents and Countries|Easy
239|Europe|or?p?|?????|Continents and Countries|Easy
240|England|engel?s/engelest?n|??????/????????|Continents and Countries|Easy
241|France|belzh?k|??????|Continents and Countries|Easy
242|Belgium|belzh?k|?????|Continents and Countries|Easy
243|Italy|?t?l?y?|???????|Continents and Countries|Easy
244|Germany|?lm?n|?????|Continents and Countries|Easy
245|Spain|esp?n?y?|???????|Continents and Countries|Easy
246|Switzerland|s??s|????|Continents and Countries|Easy
247|Asia|?s?y?|????|Continents and Countries|Easy
248|China|ch?n|???|Continents and Countries|Easy
249|Japan|zh?pon|????|Continents and Countries|Easy
250|India|hend/hendost?n|???/????????|Continents and Countries|Easy
251|Afghanistan|afgh?nest?n|?????????|Continents and Countries|Easy
252|Turkey|tork?ye|?????|Continents and Countries|Easy
253|Tajikistan|t?j?kest?n|?????????|Continents and Countries|Easy
254|Pakistan|p?kest?n|???????|Continents and Countries|Easy
255|Oceania|oqy?n?s?ye|?????????|Continents and Countries|Easy
256|Australia|ostor?l?y?|????????|Continents and Countries|Easy
257|Where are you from?|ahl-e koj??d?|??? ???????/????? ??????|Nationalities and Languages|Easy
258|What is the French people’s language?|zab?n-e mardom-e far?nse ch?st?|???? ???? ?????? ?????|Nationalities and Languages|Easy
259|French|far?nsav?|???????|Nationalities and Languages|Easy
260|Iranian|?r?n?|?????? |Nationalities and Languages|Easy
261|Farsi|f?rs?|?????|Nationalities and Languages|Easy
262|American|?mr?k??|???????? |Nationalities and Languages|Easy
263|(American or British) English|engl?s?|???????|Nationalities and Languages|Easy
264|Italian|?t?l?y??|?????????|Nationalities and Languages|Easy
265|German|?lm?n?|??????|Nationalities and Languages|Easy
266|British|engl?s?|???????|Nationalities and Languages|Easy
267|Spanish (origin)|esp?n?ya?|????????|Nationalities and Languages|Easy
268|Spanish (language)|esp?nyol?|?????????|Nationalities and Languages|Easy
269|Japanese|zh?pon?|?????|Nationalities and Languages|Easy
270|Arab|arab|??? |Nationalities and Languages|Easy
271|Arabic|arab?|????|Nationalities and Languages|Easy
272|Indian|hend?|????|Nationalities and Languages|Easy
273|Turkish (origin)|tork|??? |Nationalities and Languages|Easy
274|Turkish (language)|tork?|????|Nationalities and Languages|Easy
275|Egyptian (origin)|mesr?|????|Nationalities and Languages|Easy
276|Chinese|ch?n?|????|Nationalities and Languages|Easy
277|Pakistani|p?kest?n?|????????|Nationalities and Languages|Easy
278|Urdu|ord?|????|Nationalities and Languages|Easy
279|Afghan (origin)|afgh?n?|??????|Nationalities and Languages|Easy
280|Dari|dar?|???|Nationalities and Languages|Easy
281|Russian|r?s?|????|Nationalities and Languages|Easy
282|Yellow|zard|???|Colors|Easy
283|White|sef?d|????|Colors|Easy
284|Pink|s?rat?|?????|Colors|Easy
285|Red|qermez|????|Colors|Easy
286|Orange|n?ranj?|??????|Colors|Easy
287|Green|sabz|???|Colors|Easy
288|Blue|?b?|???|Colors|Easy
289|Violet|banafsh|????|Colors|Easy
290|Silver|noqre?|???? ??|Colors|Easy
291|Brown|qahve?|???? ??|Colors|Easy
292|Gold|tal??|?????|Colors|Easy
293|Black|s?y?h/meshk?|???? ?? ????|Colors|Easy
294|Grey|kh?kestar?|???????|Colors|Easy
295|fruit|mive|????||Easy
296|plum|âlu|???||Easy
297|mango|anbe|????|Fruits|Easy
298|pomegranate|an?r|????|Fruits|Easy
299|pineapple|?n?n?s|??????|Fruits|Easy
300|sour cherry|?lb?l?|??????|Fruits|Easy
301|raspberry|tameshk|????|Fruits|Easy
302|orange|porteq?l|??????|Fruits|Easy
303|qu?nce|beh|??|Fruits|Easy
304|grape|ang?r|?????|Fruits|Easy
305|apricot|zard?l?|??????|Fruits|Easy
306|melon|kharboze|?????|Fruits|Easy
307|strawberry|t?tfarang?|??? ?????|Fruits|Easy
308|berry, mulberry|t?t|???|Fruits|Easy
309|nectarine|shal?l|????|Fruits|Easy
310|blackberry|sh?ht?t|??? ???|Fruits|Easy
311|apple|s?b|???|Fruits|Easy
312|barberry|zereshk|????|Fruits|Easy
313|banana|moz|???|Fruits|Easy
314|cherry|g?l?s|?????|Fruits|Easy
315|plum|?l?|???|Fruits|Easy
316|pear|gol?b?|?????|Fruits|Easy
317|watermelon|hendav?ne|???????|Fruits|Easy
318|peach|hol?|???|Fruits|Easy
319|tangerine|n?rang?|??????|Fruits|Easy
320|onion|p?y?z|????|Vegetables & Herbs|Easy
321|pennyroyal|pone|????|Vegetables & Herbs|Easy
322|eggplant|b?demj?n|???????|Vegetables & Herbs|Easy
323|spinach|esfan?j|??????|Vegetables & Herbs|Easy
324|parsley|jafar?|?????|Vegetables & Herbs|Easy
325|tarragon|tarkh?n|?????|Vegetables & Herbs|Easy
326|radish|torobche|?????|Vegetables & Herbs|Easy
327|green onion|p?y?zche|??????|Vegetables & Herbs|Easy
328|basil|reyh?n|?????|Vegetables & Herbs|Easy
329|corn|zorrat or balal|????|Vegetables & Herbs|Easy
330|cucumber|kh?y?r|????|Vegetables & Herbs|Easy
331|beet|choghondar|?????|Vegetables & Herbs|Easy
332|turnip|shev?d|????|Vegetables & Herbs|Easy
333|garlic|s?r|???|Vegetables & Herbs|Easy
334|potato|s?bzam?n?|??? ?????|Vegetables & Herbs|Easy
335|lettuce|k?h?|????|Vegetables & Herbs|Easy
336|mushroom|q?rch|????|Vegetables & Herbs|Easy
337|bell pepper|felfeldolme?|???? ???? ???|Vegetables & Herbs|Easy
338|pepper|felfel|????|Vegetables & Herbs|Easy
339|cabbage|kalam|???|Vegetables & Herbs|Easy
340|celery|karafs|????|Vegetables & Herbs|Easy
341|pumpkin|kad?tanbal|??? ????|Vegetables & Herbs|Easy
342|zucchini, squash|kad?|???|Vegetables & Herbs|Easy
343|green bean|l?b?y?sabz|????? ???|Vegetables & Herbs|Easy
344|tomato|gojefarang?|???? ?????|Vegetables & Herbs|Easy
345|cauliflower|golkalam|?? ???|Vegetables & Herbs|Easy
346|coriander|geshn?z|?????|Vegetables & Herbs|Easy
347|mint|nan?|?????|Vegetables & Herbs|Easy
348|peas, snow peas|nokhodfarang?|???? ?????|Vegetables & Herbs|Easy
349|asparagus|m?rch?be|???????|Vegetables & Herbs|Easy
350|lemon, lime|l?m?|????|Vegetables & Herbs|Easy
351|carrot|hav?j|????|Vegetables & Herbs|Easy
352|bread|n?n|???|Processed Foods|Easy
353|cheese|pan?r|????|Processed Foods|Easy
354|butter|kare|???|Processed Foods|Easy
355|milk|sh?r|???|Processed Foods|Easy
356|yoghurt|m?st|????|Processed Foods|Easy
357|egg|tokhm-e morgh|??? ???|Processed Foods|Easy
358|three-minute egg|okhm-e morgh-e asal?|??? ??? ????|Processed Foods|Easy
359|sunny side up eggs|n?mr?|?????|Processed Foods|Easy
360|hard boiled egg|tokhm-e morgh-e ?bpaz|??? ??? ?? ??|Processed Foods|Easy
361|scrambled eggs|kh?g?ne|??????|Processed Foods|Easy
362|omelet|omlet|????|Processed Foods|Easy
363|olive|zeyt?n|?????|Processed Foods|Easy
364|fish|m?h?|????|Processed Foods|Easy
365|sardines|s?rd?n|??????|Processed Foods|Easy
366|shrimp, prawn|meyg?|????|Processed Foods|Easy
367|tuna|ton-e m?h?|?? ????|Processed Foods|Easy
368|beef|g?sht-e g?v|???? ???|Processed Foods|Easy
369|lamb|g?sht-e g?sfand|???? ??????|Processed Foods|Easy
370|shwarma|kab?b-e tork?|???? ????|Processed Foods|Easy
371|chicken, hen|morgh|???|Processed Foods|Easy
372|sandwich|s?ndev?ch|???????|Processed Foods|Easy
373|hot dog|sos?s|?????|Processed Foods|Easy
374|hamburger|h?mberger|???????|Processed Foods|Easy
375|soup|s?p|???|Processed Foods|Easy
376|pizza|p?tz?|?????|Processed Foods|Easy
377|macaroni, pasta|m?k?r?n?|????????|Processed Foods|Easy
378|potato chips|ch?ps|????|Processed Foods|Easy
379|French fries|s?bzam?n?-ye sorkhkarde|??? ????? ??? ????|Processed Foods|Easy
380|black tea|ch?y|???|Drinks & Sweets|Easy
381|coffee|qahve|????|Drinks & Sweets|Easy
382|sugar|shekar|???|Drinks & Sweets|Easy
383|sugar cube’|qand|???|Drinks & Sweets|Easy
384|water|?b|??|Drinks & Sweets|Easy
385|soft drink|n?sh?be|??????|Drinks & Sweets|Easy
386|hard candy|?bnab?t|?? ????|Drinks & Sweets|Easy
387|chocolate|shokol?t|?????|Drinks & Sweets|Easy
388|jam|morabb?|?????|Drinks & Sweets|Easy
389|ice cream|bastan?|?????|Drinks & Sweets|Easy
390|jello|zhele|???|Drinks & Sweets|Easy
391|lollipop|?bnab?tch?b?|?? ???? ????|Drinks & Sweets|Easy
392|cake|keyk|???|Drinks & Sweets|Easy
393|cookie, biscuit|b?sk??t|???????|Drinks & Sweets|Easy
394|donut|don?t|?????|Drinks & Sweets|Easy
395|plate|boshq?b|?????|At the Table|Easy
396|bowl|k?se|????|At the Table|Easy
397|fork|chang?l|?????|At the Table|Easy
398|spoon|q?shoq|????|At the Table|Easy
399|knife|k?rd|????|At the Table|Easy
400|glass|l?v?n|?????|At the Table|Easy
401|cup|fenj?n|?????|At the Table|Easy
402|kitchen|?shpazkhane|????????|At the Table|Easy
403|cooking|?shpaz?|?????|At the Table|Easy
404|meal|ghaz?|???|At the Table|Easy
405|breakfast|sobh?ne|??????|At the Table|Easy
406|lunch|n?h?r|?????|At the Table|Easy
407|dinner, supper|sh?m|???|At the Table|Easy
408|to cook|?shpaz? kardan|????? ????|At the Table|Easy
409|to cook|ghaz? dorost kardan|??? ???? ????|At the Table|Easy
410|to cook|ghaz? pokhtan|??? ????|At the Table|Easy
411|to eat|khordan|?????|At the Table|Easy
412|to have a meal|ghaz? khordan|??? ?????|At the Table|Easy
413|to grill|kab?b kardan|???? ????|At the Table|Easy
414|to invite to dinner|be sh?m davat kardan|?? ??? ???? ????|At the Table|Easy
415|to do the dishes|zarf shostan|??? ????|At the Table|Easy
416|to go groccery shopping|khar?d-e mav?d-e ghaza?|???? ???? ?????|At the Table|Easy
417|to have time|vaqt d?shtan|??? ?????|At the Table|Easy
418|to want|kh?stan|??????|At the Table|Easy
419|to come|?madan|????|At the Table|Easy
420|to see|d?dan|????|At the Table|Easy
421|Accounting|hes?bd?ri|????????|Fields of Study|Easy
422|Anthropology|ens?nshen?si|???????????|Fields of Study|Easy
423|Art History|t?rikh-e honar|????? ???|Fields of Study|Easy
424|Biology|biolozhi|???????|Fields of Study|Easy
425|Biology|zistshen?si|??????????|Fields of Study|Easy
426|Business|b?zarg?ni|????????|Fields of Study|Easy
427|Chemistry|shimi|????|Fields of Study|Easy
428|Computer Science|‘olum-e k?mpyutar|???? ????????|Fields of Study|Easy
429|Education|ta’lim o tarbiyat|????? ? ?????|Fields of Study|Easy
430|Engineering|mohandesi|??????|Fields of Study|Easy
431|Electrical Engineering|mohandesi-ye barq|?????? ???|Fields of Study|Easy
432|Mechanical Engineering|mohandesi-ye mek?nik|?????? ??????|Fields of Study|Easy
433|Petroleum Engineering|mohandesi-ye naft|?????? ???|Fields of Study|Easy
434|English|engelesi|??????|Fields of Study|Easy
435|History|tarikh|?????|Fields of Study|Easy
436|Journalism|ruzn?meh-neg?ri|?????????????|Fields of Study|Easy
437|Library Science|ket?bshen?si|??????????|Fields of Study|Easy
438|Linguistics|zab?nshen?si|??????????|Fields of Study|Easy
439|Mathematics|ri?zi|?????|Fields of Study|Easy
440|Medicine|pezeshki|?????|Fields of Study|Easy
441|Middle Eastern Studies|kh?var-mi?neh shen?si|????????????????|Fields of Study|Easy
442|Persian|f?rsi|?????|Fields of Study|Easy
443|Philosophy|felsefeh|?????|Fields of Study|Easy
444|Physics|fizik|?????|Fields of Study|Easy
445|Political Science, Government|‘olum-e si?si|???? ?????|Fields of Study|Easy
446|Psychology|rav?nshen?si|??????????|Fields of Study|Easy
447|Sociology|j?m’eh shen?si|???????????|Fields of Study|Easy
448|University|d?neshg?h|???????|On Campus|Easy
449|School|madreseh|?????|On Campus|Easy
450|High School|dabirest?n|????????|On Campus|Easy
451|Elementary School|dabest?n|??????|On Campus|Easy
452|Student (college)|d?neshj?|??????|On Campus|Easy
453|Student (pre-college)|d?nesh?muz|???? ????|On Campus|Easy
454|Bachelor’s degree|lis?ns|??????|On Campus|Easy
455|Master’s degree|foq-e lis?ns|??? ??????|On Campus|Easy
456|Doctorate|doktor?|?????|On Campus|Easy
457|Lesson|dars|???|On Campus|Easy
458|Major|reshteh|????|On Campus|Easy
459|Class|kel?s|????|On Campus|Easy
460|Room|ot?q|????|On Campus|Easy
461|Book|ket?b|????|On Campus|Easy
462|Pen|qalam|???|On Campus|Easy
463|Pen|khodk?r|??????|On Campus|Easy
464|Pencil|med?d|????|On Campus|Easy
465|Blackboard|takhte si?h|????? ????|On Campus|Easy
466|Chalk|gach|??|On Campus|Easy
467|Notebook / Office|daftar|????|On Campus|Easy
468|Paper|k?ghez|????|On Campus|Easy
469|Bag, briefcase|kif|???|On Campus|Easy
470|Teacher|mo’allem|?????|On Campus|Easy
471|Professor|ost?d|?????|On Campus|Easy
472|Doctor (i.e., Ph.D.)|doktor|????|On Campus|Easy
473|Okay|b?sheh|????|On Campus|Easy
474|Okay (more formal)|chashp|???|On Campus|Easy
475|To read|kh?ndan|??????|On Campus|Easy
476|He reads|mi-kh?nad|????????|On Campus|Easy
477|To study (i.e. review lessons)|dars kh?ndan|??? ??????|On Campus|Easy
478|To study (a subject)|kh?ndan|??????|On Campus|Easy
479|We study Persian|f?rsi mi-kh?nim|????? ?????????|On Campus|Easy
480|To read aloud|boland kh?ndan|???? ??????|On Campus|Easy
481|To repeat|tekr?r kardan|????? ????|On Campus|Easy
482|To say|goftan|????|On Campus|Easy
483|They say|mi-g?yand|????????|On Campus|Easy
484|Time|vaqt|???|Time|Easy
485|Hour / clock|s?’at|????|Time|Easy
486|Now|h?l?|????|Time|Easy
487|Now|al?n|????|Time|Easy
488|Approximately|taqriban|???????|Time|Easy
489|Exactly|dorost|????|Time|Easy
490|What time is it?|s?’at chand-e?|???? ?????|Time|Easy
491|It is 4:00|s?’at-e chah?r-e|???? ?????|Time|Easy
492|Minute|daqiqeh|?????|Time|Easy
493|Second|s?nieh|?????|Time|Easy
494|Half|nim|???|Time|Easy
495|Quarter|rob’|???|Time|Easy
496|Morning|sobh|???|Time|Easy
497|This morning|emruz sobh|????? ???|Time|Easy
498|Night|shab|??|Time|Easy
499|Tonight|emshab|????|Time|Easy
500|Late afternoon / early evening|‘asr|???|Time|Easy
501|Afternoon|ba’d az zohr|??? ?? ???|Time|Easy
502|Week|hafteh|????|Time|Easy
503|Next week|hafteh-ye digar|????? ????|Time|Easy
504|Last week|hafteh-ye pish|????? ???|Time|Easy
505|Per week|hafteh-i|???????|Time|Easy
506|Day|ruz|???|Time|Easy
507|Today|emruz|?????|Time|Easy
508|Tomorrow|fard?|????|Time|Easy
509|Yesterday|diruz|?????|Time|Easy
510|Day before yesterday|pariruz|??????|Time|Easy
511|Per day|ruzi|????|Time|Easy
512|Every day|har ruz|?? ???|Time|Easy
513|Month|m?h|???|Time|Easy
514|Year|s?l|???|Time|Easy
515|Next year|s?l-e digar|??? ????|Time|Easy
516|Last year|p?rs?l|??????|Time|Easy
517|invertebrate|bimohre|???????|Animal Classes|Easy
518|bird|parande|?????|Animal Classes|Easy
519|mammal|pestândâr|????????|Animal Classes|Easy
520|insect|hashare|????|Animal Classes|Easy
521|reptile|khazande|?????|Animal Classes|Easy
522|crustacean|sakhtpust|????????|Animal Classes|Easy
523|fish|mâhi|????|Animal Classes|Easy
524|vertebrate|mohredâr|????????|Animal Classes|Easy
525|mollusk|narmtan|??????|Animal Classes|Easy
526|duck|ordak|????|Birds|Easy
527|nightingale|bolbol|????|Birds|Easy
528|turkey|bughalamun|???????|Birds|Easy
529|penguin|panguan|??????|Birds|Easy
530|owl|joghd|???|Birds|Easy
531|chick|juje|????|Birds|Easy
532|rooster|khorus|????|Birds|Easy
533|bat|khoffâsh|????|Birds|Easy
534|woodpecker|dârkub|??????|Birds|Easy
535|hawk|shâhin|?????|Birds|Easy
536|ostrich|shotormorgh|??????|Birds|Easy
537|peacock|tâvus|?????|Birds|Easy
538|parrot|tuti|????|Birds|Easy
539|eagle|oghâb|????|Birds|Easy
540|goose|ghâz|???|Birds|Easy
541|pheasant|gharghâvol|??????|Birds|Easy
542|canary|ghanâri|?????|Birds|Easy
543|swan|ghu|??|Birds|Easy
544|pigeon|kabutar|?????|Birds|Easy
545|sparrow|gonjeshk|?????|Birds|Easy
546|crow|kalâgh|????|Birds|Easy
547|stork|laklak|?????|Birds|Easy
548|hen|morgh|???|Birds|Easy
549|butterfly|parvâne|??????|Insects|Easy
550|mosquito|pashe|???|Insects|Easy
551|cricket|jirjirak|???????|Insects|Easy
552|bee, wasp|zanbur|?????|Insects|Easy
553|dragonfly|sanjâghak|??????|Insects|Easy
554|cockroach|susk|????|Insects|Easy
555|ladybug|kafshduzak|????????|Insects|Easy
556|fly|magas|???|Insects|Easy
557|grasshopper|malakh|???|Insects|Easy
558|ant|murche|?????|Insects|Easy
559|termite|muriyâne|???????|Insects|Easy
560|swordfish|arremâhi|????????|Marine Animals|Easy
561|hippopotamus|asb-e âbi|??? ???|Marine Animals|Easy
562|sea horse|asb-e daryâyi|??? ??????|Marine Animals|Easy
563|crocodile|temsâh|?????|Marine Animals|Easy
564|crab|kharchang|?????|Marine Animals|Easy
565|dolphin|dolfin|?????|Marine Animals|Easy
566|leech|zâlu|????|Marine Animals|Easy
567|starfish|setâre-ye daryâyi|??????? ??????|Marine Animals|Easy
568|alligator|susmâr|??????|Marine Animals|Easy
569|oyster|sadaf|???|Marine Animals|Easy
570|frog|ghurbâghe|???????|Marine Animals|Easy
571|shark|kuse|????|Marine Animals|Easy
572|turtle|lâkposht|???????|Marine Animals|Easy
573|eel|mârmâhi|???????|Marine Animals|Easy
574|shrimp|meygu|????|Marine Animals|Easy
575|whale|nahang|????|Marine Animals|Easy
576|octopus|hashtpâ|??????|Marine Animals|Easy
577|horse|asb|???|Land Animals|Easy
578|gazelle|âhu|???|Land Animals|Easy
579|tiger|babr|???|Land Animals|Easy
580|lamb|barre|????|Land Animals|Easy
581|goat|boz|??|Land Animals|Easy
582|panther|palang|????|Land Animals|Easy
583|hedgehog|jujetighi|?????????|Land Animals|Easy
584|snail|halazun|?????|Land Animals|Easy
585|donkey|khar|??|Land Animals|Easy
586|bear|khers|???|Land Animals|Easy
587|rabbit|khargush|?????|Land Animals|Easy
588|pig|khuk|???|Land Animals|Easy
589|fox|rubâh|?????|Land Animals|Easy
590|giraffe|zarrâfe|?????|Land Animals|Easy
591|dog|sag|??|Land Animals|Easy
592|squirrel|sanjâb|?????|Land Animals|Easy
593|camel|shotor|???|Land Animals|Easy
594|lion|shir|???|Land Animals|Easy
595|scorpion|aghrab|????|Land Animals|Easy
596|spider|ankabut|??????|Land Animals|Easy
597|elephant|fil|???|Land Animals|Easy
598|kangaroo|kângoro|???????|Land Animals|Easy
599|worm|kerm|???|Land Animals|Easy
600|hyena|kaftâr|?????|Land Animals|Easy
601|cow|gâv|???|Land Animals|Easy
602|cat|gorbe|????|Land Animals|Easy
603|wolf|gorg|???|Land Animals|Easy
604|zebra|gurekhar|?????|Land Animals|Easy
605|deer|gavazn|????|Land Animals|Easy
606|calf|gusâle|??????|Land Animals|Easy
607|sheep|gusfand|??????|Land Animals|Easy
608|snake|mâr|???|Land Animals|Easy
609|lizard|mârmulak|???????|Land Animals|Easy
610|mouse|mush|???|Land Animals|Easy
611|monkey|meymun|?????|Land Animals|Easy
612|centipede|hezârpâ|??????|Land Animals|Easy
613|leopard|yuz(palang)|???(????)|Land Animals|Easy
614|yes|bale|???|Basic Phrases|Easy
615|no|na|??|Basic Phrases|Easy
616|please|lotfan|????|Basic Phrases|Easy
617|Thanks|mersi|????|Basic Phrases|Easy
618|Thanks|mamnun|?????|Basic Phrases|Easy
619|Many thanks|kheyli mamnun|???? ?????|Basic Phrases|Easy
620|You're welcome|khwâhesh mikonam|????? ??????|Basic Phrases|Easy
621|Excuse me|bebakhshid|??????|Basic Phrases|Easy
622|Excuse me|maøzerat mikhwâham|????? ????????|Basic Phrases|Easy
623|I'm sorry|motaøsef-am|????????|Basic Phrases|Easy
624|Hello, Hi|salâm|????|Meeting People|Easy
625|Good day|ruz khosh|??? ???|Meeting People|Easy
626|Good day|ruz be kheyr|??? ?? ???|Meeting People|Easy
627|Good morning|sobh be kheyr|??? ?? ???|Meeting People|Easy
628|Good noon|zohr be kheyr|??? ?? ???|Meeting People|Easy
629|Good afternoon|baød-az-zohr be kheyr|???????? ?? ???|Meeting People|Easy
630|Good evening|asr be kheyr|??? ?? ???|Meeting People|Easy
631|Good night|shab be kheyr|?? ?? ???|Meeting People|Easy
632|Good night|shab khosh|?? ???|Meeting People|Easy
633|Have a good day|Ruz-e khub-i dâshte bâshid|??? ???? ????? ?????|Meeting People|Easy
634|Have a good day (familiar)|Ruz-e khub-i dâshte bâshi|??? ???? ????? ????|Meeting People|Easy
635|Have a good night|shab-e khub-i dâshte bâshid|?? ???? ????? ?????|Meeting People|Easy
636|Have a good night (familiar)|shab-e khub-i dâshte bâshi|?? ???? ????? ????|Meeting People|Easy
637|goodbye|Khodâ hâfez|??? ????|Meeting People|Easy
638|goodbye|Khodâ negahdâr|??? ???????|Meeting People|Easy
639|see you later (formal)|Baødan mibinam-etân|???? ???????????|Meeting People|Easy
640|See you soon (formal)|Be zudi mibinam-etân|?? ???? ???????????|Meeting People|Easy
641|How are you? (formal)|hâl-etân che towr ast?|??????? ?? ??? ????|Meeting People|Easy
642|How are you? (familiar)|hâl-at che towr ast?|?????? ?? ??? ????|Meeting People|Easy
642|How are you? (familiar)|che towr-i?|?? ?????|Meeting People|Easy
643|How are things?, How’s life|che khabar?|?? ????|Meeting People|Easy
644|I'm fine|khub-am|??????|Meeting People|Easy
645|so-so|bad nistam|?? ?????|Meeting People|Easy
646|What is your name? (formal)|esm-etân chi'st?|??????? ??????|Meeting People|Easy
647|What is your name? (familiar)|esm-at chi'st?|?????? ??????|Meeting People|Easy
648|My name is ——|—— hastam|—— ????|Meeting People|Easy
649|Nice to meet you|khoshbakht-am|?????????|Meeting People|Easy
650|I don't understand|nemifahmam|????????|Problems|Easy
651|I don't understand|motevajjeh nemishavam|????? ???????|Problems|Easy
652|I have forgotten|farâmush kardeam|?????? ???????|Problems|Easy
653|Please speak more slowly|Lotfan âhestetar harf bezanid|???? ???????? ??? ?????|Problems|Easy
654|I can't speak Persian [well]|nemitavânam [khub] Fârsi harf bezanam|????????? [???] ????? ??? ????|Problems|Easy
655|Can you speak English?|mitavânid Engelisi harf bezanid?|????????? ??????? ??? ??????|Problems|Easy
656|Is there someone here who speaks English?|injâ kas-i Engelisi midânad?|????? ??? ??????? ????????|Problems|Easy
657|Look out!|movâzeb bâsh!|????? ???!|Problems|Easy
658|Help!|komak!|???!|Problems|Easy
659|Leave me alone!|tanhâ-yam begozâr|?????? ?????|Problems|Easy
660|Don't touch me!|be man dast nazan|?? ?? ??? ???|Problems|Easy
661|I'll call the police|zang mizanam be polis|??? ?????? ?? ????|Problems|Easy
662|Police!|polis|????|Problems|Easy
663|Stop! thief!|âhây dozd!|???? ???|Problems|Easy
664|I need your help|be komak-etân ehtiyâj dâram|?? ??????? ?????? ????|Problems|Easy
665|It's an emergency|zaruri ast|????? ???|Problems|Easy
666|It's an emergency|fowri ast|???? ???|Problems|Easy
667|I'm lost|gom shodeam|?? ??????|Problems|Easy
668|Go away!|borow kenâr|??? ????|Problems|Easy
669|I lost my bag|sâk-am râ gom kardeam|?????? ?? ?? ???????|Problems|Easy
670|I lost my wallet/purse|kif-am râ gom kardeam|?????? ?? ?? ???????|Problems|Easy
671|I'm sick|hâl-am bad ast|?????? ?? ???|Problems|Easy
672|I've been injured|zakhmi shodeam|???? ??????|Problems|Easy
673|I need a doctor|be doktor ehtiyâj dâram|?? ???? ?????? ????|Problems|Easy
674|Can I use your phone?|mishavad az telefon-etân estefâde konam?|?????? ?? ???????? ??????? ????|Problems|Easy
675|bone|ostekhwân|???????|Body|Easy
676|body|badan|???|Body|Easy
677|back|posht|???|Body|Easy
678|side|pahlu|????|Body|Easy
679|skin|pust|????|Body|Easy
680|rib|dande|????|Body|Easy
681|vessel|rag|??|Body|Easy
682|intestine|rude|????|Body|Easy
683|chest|sine|????|Body|Easy
684|lung|shosh|??|Body|Easy
685|abdomen|shekam|???|Body|Easy
686|nerve|asab|???|Body|Easy
687|heart|ghalb|???|Body|Easy
688|liver|kabed|???|Body|Easy
689|kidney|kolye|????|Body|Easy
690|waist|kamar|???|Body|Easy
691|muscle|mâhiche|??????|Body|Easy
692|bladder|massâne|?????|Body|Easy
693|stomach|meøde|????|Body|Easy
694|brain|maghz|???|Body|Easy
695|joint|mafsal|????|Body|Easy
696|navel|nâf|???|Body|Easy
697|eyebrow|abru|????|Body|Easy
698|nose|bini|????|Body|Easy
699|eyelid|pelk|???|Body|Easy
700|forehead|pishâni|??????|Body|Easy
701|skull|jomjome|?????|Body|Easy
702|chin|châne|????|Body|Easy
703|eye|cheshm|???|Body|Easy
704|larynx|hanjare|?????|Body|Easy
705|tooth|dandân|?????|Body|Easy
706|mouth|dahân|????|Body|Easy
707|beard|rish|???|Body|Easy
708|tongue|zabân|????|Body|Easy
709|mustache|sebil|????|Body|Easy
710|head|sar|??|Body|Easy
711|face|surat|????|Body|Easy
712|jaw|fak|??|Body|Easy
713|neck|gardan|????|Body|Easy
714|throat|galu|???|Body|Easy
715|ear|gush|???|Body|Easy
716|cheek|gune|????|Body|Easy
717|lip|lab|??|Body|Easy
718|cheek|lopp|??|Body|Easy
719|gum|lase|???|Body|Easy
720|eyelash|mozhe|???|Body|Easy
721|hair|mu|??|Body|Easy
722|elbow|ârenj|????|Body|Easy
723|finger|angosht|?????|Body|Easy
724|arm|bâzu|????|Body|Easy
725|hand|dast|???|Body|Easy
726|armpit|zirbaghal|??????|Body|Easy
727|forearm|sâed|????|Body|Easy
728|shoulder|shâne|????|Body|Easy
729|thumb|shast|???|Body|Easy
730|palm|kaf-e dast|?? ???|Body|Easy
731|wrist|moch|??|Body|Easy
732|nail|nâkhon|????|Body|Easy
733|toe|angosht-e pâ|????? ??|Body|Easy
734|foot|pâ|??|Body|Easy
735|heel|pâshne|?????|Body|Easy
736|thigh|rân|???|Body|Easy
737|knee|zânu|????|Body|Easy
738|calf|sâgh|???|Body|Easy
739|ankle|ghuzak|????|Body|Easy
740|sole|kaf-e pâ|?? ??|Body|Easy
741|color|rang|???|Colors|Easy
742|sky blue|âbi-ye âsemâni|??? ??????|Colors|Easy
743|blue|âbi|???|Colors|Easy
744|brick red|âjori|????|Colors|Easy
745|purple|arghavâni|???????|Colors|Easy
746|beige|bezh|??|Colors|Easy
747|violet|banafsh|????|Colors|Easy
748|gray|khâkestari|???????|Colors|Easy
749|khaki|khâki|????|Colors|Easy
750|date brown|khormâyi|??????|Colors|Easy
751|yellow|zard|???|Colors|Easy
752|crimson|zereshki|?????|Colors|Easy
753|olive|zeytuni|??????|Colors|Easy
754|green|sabz|???|Colors|Easy
755|vivid red|sorkh|???|Colors|Easy
756|navy blue|sormeyi|???????|Colors|Easy
757|white|sefid|????|Colors|Easy
758|black|siyâh|????|Colors|Easy
759|claret|sharâbi|?????|Colors|Easy
760|chocolate brown|shokolâti|??????|Colors|Easy
761|milky|shiri|????|Colors|Easy
762|pink|surati|?????|Colors|Easy
763|gold|talâyi|?????|Colors|Easy
764|turquoise|firuzeyi|?????????|Colors|Easy
765|red|ghermez|????|Colors|Easy
766|brown|ghahveyi|???????|Colors|Easy
767|cream|kerem|???|Colors|Easy
768|azure|lâjevardi|???????|Colors|Easy
769|lemon|limuyi|??????|Colors|Easy
770|black|meshki|????|Colors|Easy
771|orange|nârenji|??????|Colors|Easy
772|silver|noghreyi|???????|Colors|Easy
773|indigo|nili|????|Colors|Easy
774|ruby|yâghuti|??????|Colors|Easy
775|jade green|yashmi|????|Colors|Easy
776|north|shomâl|????|Directions|Easy
777|south|jonub|????|Directions|Easy
778|east|shargh|???|Directions|Easy
779|west|gharb|???|Directions|Easy
780|northeast|shomâl-e sharghi|???? ????|Directions|Easy
781|northwest|shomâl-e gharbi|???? ????|Directions|Easy
782|southeast|jonub-e sharghi|???? ????|Directions|Easy
783|southwest|jonub-e gharbi|???? ????|Directions|Easy
